CensusSection;HouseholdIncome2016
2807901001;48511
2807901002;28573
2807901003;32679
2807901004;54358
2807901006;42196
2807901007;35860
2807901008;39661
2807901009;35280
2807901011;35185
2807901012;30652
2807901013;24057
2807901014;31640
2807901015;32640
2807901016;33716
2807901018;34177
2807901019;34506
2807901020;31531
2807901021;33727
2807901022;30904
2807901023;25051
2807901024;27288
2807901025;34288
2807901026;35593
2807901027;35141
2807901028;28521
2807901029;27594
2807901030;23320
2807901031;22651
2807901032;30314
2807901033;23393
2807901034;20910
2807901035;23320
2807901036;22996
2807901037;25951
2807901038;21274
2807901039;24783
2807901040;25837
2807901041;26227
2807901042;26538
2807901043;22158
2807901045;27237
2807901046;27960
2807901047;24174
2807901048;23885
2807901049;21972
2807901050;23773
2807901051;22206
2807901053;27092
2807901054;22980
2807901055;29217
2807901056;30137
2807901057;34929
2807901058;36308
2807901059;31667
2807901061;34574
2807901062;35528
2807901063;39052
2807901064;37491
2807901065;36682
2807901066;27730
2807901067;35808
2807901068;38891
2807901069;30969
2807901071;45430
2807901072;49297
2807901073;63979
2807901074;33538
2807901075;29268
2807901076;31428
2807901077;40734
2807901079;37526
2807901081;30712
2807901082;34506
2807901084;50376
2807901087;69073
2807901088;49688
2807901089;38776
2807901090;39010
2807901091;32449
2807901092;29718
2807901093;29954
2807901094;29058
2807901095;31012
2807901096;25954
2807901097;28732
2807901098;26813
2807901099;28071
2807901100;26950
2807901101;28006
2807901102;27530
2807901103;43395
2807901104;29102
2807901105;31013
2807901106;43971
2807901107;50440
2807901108;41961
2807901109;30176
2807901110;28600
2807901111;33841
2807901112;31100
2807901113;29430
2807901114;30762
2807901115;31758
2807901116;27141
2807901117;32601
2807901118;28577
2807901119;26378
2807901120;31377
2807901121;32143
2807901123;33894
2807901124;38674
2807902001;34324
2807902002;30600
2807902003;43856
2807902004;44556
2807902005;35648
2807902006;43202
2807902007;46124
2807902008;36031
2807902009;51602
2807902010;39495
2807902011;47378
2807902013;40634
2807902014;39690
2807902015;39046
2807902016;50081
2807902017;50381
2807902018;53962
2807902019;55118
2807902020;43455
2807902021;33284
2807902022;29466
2807902023;33407
2807902024;34881
2807902025;33740
2807902026;34800
2807902027;39315
2807902028;22071
2807902029;24462
2807902030;38324
2807902031;50415
2807902032;39362
2807902033;37086
2807902034;37876
2807902035;33504
2807902036;33548
2807902037;39531
2807902038;32929
2807902039;35723
2807902040;33187
2807902041;30214
2807902042;33671
2807902043;30086
2807902044;32025
2807902045;31975
2807902046;22288
2807902047;24813
2807902048;31281
2807902049;51591
2807902050;29921
2807902051;44168
2807902052;47419
2807902053;42945
2807902054;31839
2807902055;37794
2807902056;33935
2807902057;32308
2807902058;28233
2807902059;34105
2807902060;35188
2807902061;32885
2807902062;31696
2807902063;29890
2807902064;34459
2807902065;31809
2807902066;42980
2807902067;25983
2807902068;26726
2807902069;35543
2807902070;37731
2807902071;36786
2807902072;33472
2807902073;36720
2807902074;35274
2807902075;33220
2807902077;32978
2807902078;33828
2807902079;35344
2807902080;43466
2807902081;34956
2807902082;28505
2807902083;38575
2807902085;55903
2807902086;43710
2807902087;58177
2807902088;32142
2807902089;47105
2807902090;46051
2807902091;44311
2807902092;46609
2807902093;44045
2807902094;69430
2807902095;52494
2807902096;70196
2807902097;53982
2807902098;48910
2807902099;47547
2807902100;46568
2807902101;56454
2807902102;55442
2807902103;56247
2807902104;49743
2807902105;52435
2807902106;51835
2807902107;54414
2807902108;56355
2807902109;50067
2807902110;60038
2807903001;65482
2807903002;35284
2807903003;41866
2807903004;33304
2807903005;33090
2807903006;46113
2807903007;29691
2807903008;36466
2807903009;41375
2807903010;43902
2807903011;38684
2807903012;44392
2807903013;41063
2807903014;44523
2807903015;36005
2807903016;26932
2807903017;42522
2807903018;35642
2807903019;51587
2807903020;34553
2807903021;36043
2807903022;28296
2807903023;36708
2807903024;39327
2807903025;40872
2807903026;39420
2807903027;34621
2807903028;45965
2807903029;56834
2807903030;68972
2807903031;45988
2807903032;47297
2807903033;46966
2807903034;56311
2807903035;57205
2807903036;72149
2807903037;71871
2807903038;70412
2807903039;68386
2807903040;70430
2807903041;54021
2807903042;49088
2807903044;51964
2807903045;59619
2807903046;62999
2807903047;46428
2807903048;49519
2807903049;50878
2807903050;44259
2807903051;51620
2807903052;46177
2807903053;40139
2807903054;54561
2807903055;32547
2807903056;50317
2807903057;51109
2807903058;39165
2807903059;35213
2807903060;42841
2807903061;34830
2807903062;45132
2807903063;46019
2807903064;61048
2807903065;54641
2807903066;44433
2807903067;65471
2807903069;89015
2807903070;89015
2807903071;89015
2807903073;53535
2807903074;51154
2807903076;58401
2807903077;65842
2807903078;66252
2807903079;42669
2807903080;75603
2807903081;89015
2807903082;89015
2807903084;70963
2807903085;75420
2807903086;50855
2807903087;66031
2807903088;44484
2807903089;58643
2807903090;70362
2807903091;74325
2807903092;65108
2807903093;70410
2807903094;70383
2807903095;55271
2807903096;57670
2807903097;48155
2807903098;39368
2807903099;39232
2807904001;89015
2807904002;89015
2807904003;79749
2807904004;89015
2807904005;89015
2807904006;89015
2807904007;81703
2807904008;53654
2807904009;89015
2807904010;89015
2807904011;65894
2807904012;89015
2807904013;80652
2807904014;56681
2807904015;67518
2807904016;57900
2807904017;58673
2807904018;50909
2807904019;56472
2807904020;51800
2807904021;48626
2807904023;52485
2807904024;38826
2807904025;40628
2807904026;45654
2807904027;41537
2807904028;45804
2807904029;60369
2807904030;51647
2807904031;57732
2807904032;42123
2807904033;44411
2807904034;48629
2807904035;43547
2807904036;51700
2807904037;43249
2807904038;46073
2807904039;49153
2807904040;60531
2807904041;40976
2807904042;74148
2807904043;55755
2807904044;50987
2807904045;40244
2807904046;44237
2807904047;44310
2807904048;42276
2807904049;33231
2807904050;36425
2807904051;35019
2807904052;37790
2807904053;34111
2807904054;44399
2807904055;41560
2807904056;50833
2807904057;39348
2807904058;41840
2807904060;35657
2807904061;54327
2807904062;42946
2807904063;41103
2807904064;48916
2807904065;44009
2807904067;43339
2807904068;47310
2807904069;44157
2807904070;38951
2807904071;44190
2807904072;45287
2807904073;53832
2807904074;46952
2807904075;59644
2807904076;72349
2807904077;74504
2807904078;70640
2807904079;65151
2807904080;81661
2807904081;74460
2807904082;56830
2807904083;50139
2807904084;50196
2807904085;40363
2807904086;43891
2807904087;41552
2807904088;40388
2807904089;35857
2807904090;37852
2807904091;31586
2807904092;38460
2807904093;33804
2807904094;48613
2807904095;37180
2807904096;59767
2807904097;65889
2807904098;63268
2807904099;44330
2807904100;56075
2807904101;37044
2807904102;37433
2807904103;39243
2807904104;42532
2807904105;49340
2807904106;36478
2807904107;58966
2807904108;44648
2807904109;49656
2807904110;47708
2807904111;61879
2807904112;52053
2807904113;62927
2807904114;89015
2807904115;89015
2807904116;89015
2807904117;89015
2807904118;89015
2807904119;89015
2807904120;89015
2807904121;74954
2807904123;59407
2807904124;44236
2807904126;66002
2807904127;54818
2807904128;43215
2807904129;61717
2807904130;71594
2807905001;89015
2807905002;89015
2807905003;89015
2807905004;89015
2807905005;89015
2807905006;89015
2807905007;86493
2807905008;89015
2807905009;89015
2807905010;73298
2807905011;45179
2807905012;48820
2807905013;64684
2807905014;43366
2807905015;40107
2807905016;33502
2807905017;35815
2807905018;33972
2807905019;36383
2807905020;41734
2807905021;33624
2807905022;38867
2807905023;49852
2807905024;42395
2807905025;42963
2807905026;44079
2807905027;38783
2807905028;36600
2807905029;34492
2807905030;33553
2807905031;44736
2807905032;38115
2807905033;53658
2807905034;47016
2807905035;49353
2807905036;54066
2807905037;62499
2807905038;75467
2807905039;51203
2807905040;38677
2807905041;30567
2807905042;38727
2807905043;54250
2807905044;34854
2807905045;37068
2807905046;37572
2807905047;35550
2807905048;44935
2807905049;58976
2807905051;55663
2807905052;61301
2807905053;89015
2807905054;67955
2807905055;56481
2807905056;45076
2807905057;43953
2807905058;46788
2807905059;38681
2807905060;43613
2807905061;72481
2807905062;72358
2807905063;77443
2807905064;77455
2807905065;45662
2807905066;82142
2807905067;73945
2807905068;89015
2807905069;89015
2807905070;71984
2807905072;66422
2807905073;87820
2807905074;89015
2807905075;89015
2807905076;89015
2807905077;89015
2807905078;89015
2807905079;50237
2807905080;44756
2807905081;66676
2807905082;89015
2807905083;51040
2807905084;67159
2807905085;80544
2807905086;41290
2807905087;53027
2807905088;58899
2807905089;61596
2807905090;42311
2807905091;43328
2807905092;27918
2807905094;59108
2807905095;70218
2807905096;43213
2807905097;60612
2807905098;37545
2807905099;55370
2807905100;89015
2807905101;60401
2807905102;66789
2807906001;33577
2807906002;30136
2807906003;30354
2807906004;27114
2807906005;28352
2807906006;27862
2807906007;30945
2807906008;28526
2807906009;35721
2807906010;45202
2807906011;31461
2807906012;30209
2807906013;27311
2807906014;31772
2807906015;25831
2807906016;27861
2807906017;25361
2807906018;29653
2807906019;25049
2807906021;27137
2807906023;47455
2807906024;35981
2807906025;29150
2807906026;36669
2807906027;47161
2807906028;79730
2807906029;46705
2807906031;56497
2807906032;31396
2807906033;33949
2807906034;31615
2807906035;29841
2807906036;31720
2807906037;30083
2807906038;69205
2807906039;68997
2807906040;73816
2807906041;42327
2807906042;33708
2807906043;32853
2807906044;53010
2807906045;49464
2807906046;55251
2807906048;58987
2807906049;50689
2807906050;46337
2807906051;51765
2807906052;39194
2807906053;40187
2807906054;35637
2807906056;31119
2807906057;37960
2807906058;38319
2807906059;52741
2807906060;37430
2807906061;42575
2807906062;67591
2807906063;82430
2807906064;89015
2807906065;76508
2807906066;41067
2807906067;33853
2807906068;30068
2807906069;32356
2807906070;37668
2807906071;63228
2807906072;39336
2807906073;24389
2807906074;22485
2807906075;30108
2807906076;33043
2807906077;37208
2807906078;34870
2807906079;44552
2807906080;31417
2807906081;25373
2807906084;22216
2807906085;26211
2807906089;26161
2807906090;27385
2807906091;28602
2807906092;32650
2807906093;28407
2807906094;29128
2807906095;30103
2807906096;24401
2807906097;28329
2807906098;26760
2807906099;23787
2807906101;28645
2807906102;27937
2807906103;32442
2807906104;27206
2807906105;28289
2807906106;30382
2807906107;33299
2807906108;28787
2807906109;29394
2807906110;27006
2807906111;33689
2807906112;27118
2807906113;30137
2807906114;29613
2807906115;24892
2807906116;28969
2807906117;32523
2807906118;30690
2807906119;28742
2807906120;27564
2807906121;29372
2807906122;31060
2807906123;25722
2807906124;28131
2807906125;46095
2807906126;28200
2807906127;29332
2807906128;26717
2807906129;26867
2807907001;42242
2807907002;46430
2807907003;34955
2807907004;37874
2807907005;38019
2807907006;46058
2807907007;46100
2807907008;56230
2807907009;37456
2807907010;43008
2807907011;32961
2807907012;39041
2807907013;48945
2807907014;41799
2807907016;34563
2807907017;44834
2807907018;47352
2807907019;47903
2807907021;61147
2807907023;57959
2807907024;42881
2807907025;41766
2807907026;40613
2807907028;43490
2807907030;38999
2807907031;39843
2807907032;32495
2807907034;33550
2807907035;33829
2807907036;38601
2807907038;36805
2807907039;43411
2807907040;32640
2807907041;37383
2807907042;76035
2807907043;58036
2807907044;64173
2807907045;36095
2807907046;41122
2807907047;43925
2807907048;52724
2807907049;58959
2807907050;42975
2807907051;36990
2807907052;42137
2807907053;37109
2807907055;41057
2807907056;40670
2807907057;43481
2807907058;34980
2807907059;48131
2807907060;41958
2807907061;38100
2807907062;39053
2807907063;44014
2807907064;50308
2807907065;34776
2807907066;37427
2807907067;42369
2807907068;46532
2807907069;37760
2807907070;39672
2807907071;49310
2807907072;54447
2807907073;59403
2807907075;78727
2807907076;89015
2807907078;69953
2807907079;53023
2807907080;71569
2807907081;89015
2807907082;78541
2807907083;89015
2807907084;89015
2807907085;89015
2807907086;65636
2807907087;61685
2807907088;51737
2807907089;46298
2807907090;39886
2807907091;35166
2807907092;89015
2807907093;76317
2807907094;66788
2807907095;87036
2807907096;62699
2807907097;41114
2807907098;55519
2807907099;41541
2807907100;45526
2807907101;36373
2807907102;39410
2807907103;41701
2807907105;52424
2807907106;46755
2807907107;56556
2807907108;44643
2807907109;45411
2807907110;33952
2807907111;48307
2807907112;51334
2807907113;36938
2807907114;57177
2807907115;65988
2807907116;52883
2807907117;33812
2807907118;36910
2807907119;40400
2807907120;56935
2807907121;64459
2807907122;47381
2807907123;49031
2807907124;62343
2807907125;69936
2807907126;59811
2807907127;48414
2807907128;89015
2807907129;63824
2807907130;72526
2807907131;79159
2807907132;71010
2807907133;72908
2807907134;49031
2807907135;54302
2807908001;34711
2807908002;50919
2807908003;33509
2807908004;37118
2807908005;89015
2807908006;89015
2807908007;79330
2807908008;65581
2807908009;46388
2807908010;46889
2807908011;35089
2807908012;69679
2807908013;86270
2807908014;49049
2807908015;40851
2807908016;24056
2807908017;42003
2807908018;25206
2807908019;23839
2807908020;32162
2807908021;31102
2807908022;33981
2807908023;34516
2807908024;44766
2807908025;30957
2807908026;32247
2807908027;34345
2807908028;33980
2807908029;43512
2807908030;45413
2807908031;55790
2807908032;35822
2807908033;68818
2807908034;66986
2807908035;76002
2807908036;51061
2807908037;57468
2807908038;50531
2807908039;55090
2807908040;57019
2807908041;39049
2807908042;41378
2807908043;63745
2807908044;58743
2807908045;34743
2807908046;29938
2807908047;27762
2807908048;27425
2807908049;62556
2807908050;41229
2807908051;46705
2807908052;44959
2807908053;24100
2807908054;46426
2807908055;49211
2807908056;48414
2807908057;47720
2807908058;47983
2807908059;48448
2807908060;55069
2807908061;30256
2807908062;25952
2807908063;24161
2807908064;23942
2807908065;22970
2807908066;25072
2807908067;24977
2807908068;24744
2807908069;25355
2807908071;25975
2807908072;25650
2807908073;26313
2807908074;26348
2807908075;25399
2807908076;27477
2807908077;27500
2807908078;31995
2807908079;31076
2807908080;27043
2807908081;31939
2807908082;27769
2807908083;26143
2807908084;25055
2807908085;28045
2807908086;27236
2807908087;27367
2807908088;26722
2807908089;28546
2807908090;52240
2807908091;32496
2807908092;31760
2807908093;40415
2807908094;42762
2807908095;57530
2807908096;58612
2807908097;63317
2807908098;66566
2807908099;64617
2807908100;76132
2807908102;72663
2807908103;76052
2807908104;25614
2807908105;25003
2807908106;23349
2807908107;23409
2807908108;25339
2807908109;27517
2807908110;35642
2807908111;43923
2807908112;21914
2807908113;31412
2807908114;23086
2807908115;24661
2807908116;25252
2807908117;28031
2807908119;28196
2807908120;27430
2807908121;25164
2807908122;24202
2807908123;29795
2807908124;28399
2807908125;33105
2807908126;30938
2807908128;65154
2807908129;27104
2807908130;34378
2807908131;64173
2807908132;89015
2807908133;55456
2807908134;89015
2807908135;82967
2807908136;46964
2807908137;89015
2807908138;89015
2807908139;59097
2807908140;44137
2807908141;60606
2807908142;46512
2807908143;74784
2807908144;63635
2807908145;61900
2807908146;72745
2807908147;80306
2807908148;51114
2807908149;40747
2807908150;87044
2807908151;48849
2807908152;89015
2807908153;47254
2807908154;69371
2807908155;53180
2807908156;57695
2807908157;37781
2807908158;89015
2807908159;73607
2807908160;56046
2807908161;62974
2807908162;58346
2807908163;63714
2807908164;57566
2807908165;62474
2807908166;38600
2807908167;76217
2807908168;45186
2807908169;52708
2807908170;54332
2807908171;51915
2807908172;44205
2807908173;61762
2807908174;50680
2807908175;89015
2807908176;74731
2807908177;44031
2807908178;58152
2807908179;46253
2807908180;47137
2807909001;34380
2807909002;37982
2807909004;37003
2807909005;31600
2807909006;37084
2807909007;40948
2807909008;56756
2807909009;34253
2807909010;54368
2807909011;41290
2807909012;38841
2807909013;33796
2807909014;46802
2807909015;48955
2807909016;35485
2807909017;47024
2807909018;81541
2807909019;60505
2807909020;62822
2807909021;62402
2807909022;52330
2807909023;41514
2807909024;65493
2807909025;77956
2807909026;37631
2807909028;46771
2807909029;51137
2807909030;86661
2807909031;45592
2807909033;63828
2807909034;70745
2807909035;56075
2807909036;39000
2807909037;55318
2807909038;52907
2807909039;41439
2807909040;38685
2807909041;89015
2807909043;89015
2807909044;66820
2807909045;64855
2807909046;56689
2807909047;43338
2807909049;36084
2807909050;34395
2807909051;40378
2807909052;37035
2807909053;48605
2807909054;25875
2807909055;43398
2807909056;47549
2807909057;27487
2807909058;27021
2807909060;26681
2807909061;26494
2807909063;35013
2807909064;26372
2807909065;22899
2807909066;28396
2807909067;23103
2807909068;27070
2807909069;32217
2807909070;31063
2807909071;89015
2807909072;89015
2807909073;89015
2807909074;37829
2807909075;77669
2807909076;26058
2807909077;42458
2807909078;89015
2807909079;63357
2807909080;68668
2807909081;59089
2807909082;36336
2807909083;71350
2807909084;38175
2807909085;77990
2807909086;89015
2807909087;89015
2807909088;57880
2807909089;89015
2807909090;41887
2807909091;85803
2807910001;27367
2807910002;20182
2807910003;18024
2807910004;22772
2807910005;25097
2807910006;34975
2807910007;24651
2807910008;24250
2807910009;25275
2807910010;30007
2807910011;33739
2807910012;29878
2807910013;37714
2807910014;52399
2807910015;23770
2807910016;33288
2807910017;59794
2807910018;28436
2807910020;22057
2807910021;26053
2807910022;26083
2807910023;25686
2807910024;25814
2807910025;26996
2807910026;29285
2807910027;26639
2807910028;25513
2807910029;26640
2807910030;25068
2807910031;24363
2807910032;24902
2807910033;24327
2807910034;23162
2807910035;26263
2807910036;31051
2807910037;24954
2807910038;29585
2807910039;25218
2807910040;21180
2807910041;24460
2807910042;28301
2807910043;29078
2807910044;34117
2807910046;25599
2807910047;22981
2807910048;21972
2807910049;23159
2807910050;24824
2807910051;27449
2807910052;26713
2807910053;27323
2807910054;37068
2807910055;35570
2807910056;23786
2807910057;24292
2807910058;22968
2807910059;23509
2807910060;36926
2807910061;22328
2807910062;21006
2807910063;22449
2807910065;24727
2807910067;30582
2807910068;30714
2807910069;27032
2807910070;27761
2807910072;35291
2807910073;25323
2807910074;32647
2807910075;28100
2807910076;32513
2807910077;25301
2807910078;29516
2807910081;35497
2807910082;25376
2807910083;24647
2807910084;22864
2807910086;23194
2807910087;48636
2807910088;28878
2807910089;27916
2807910090;39044
2807910091;43102
2807910092;32333
2807910093;27454
2807910094;22147
2807910095;25676
2807910096;22511
2807910098;29021
2807910099;31438
2807910100;29329
2807910101;31720
2807910102;32965
2807910103;23860
2807910104;38185
2807910106;41227
2807910107;41426
2807910108;37415
2807910109;36211
2807910110;24889
2807910111;21397
2807910112;23188
2807910113;23827
2807910114;23206
2807910115;22275
2807910116;35790
2807910117;45065
2807910118;35142
2807910119;45761
2807910120;32389
2807910121;25283
2807910122;36403
2807910123;36919
2807910124;27297
2807910125;29814
2807910126;28426
2807910127;25041
2807910128;31585
2807910129;38672
2807910130;33936
2807910131;33431
2807910132;34580
2807910133;37271
2807910134;31483
2807910135;28041
2807910136;30006
2807910137;24615
2807910138;40863
2807910139;26788
2807910140;32052
2807910142;27070
2807910143;31422
2807910144;21805
2807910145;27709
2807910146;26995
2807910147;24490
2807910148;21847
2807910149;24284
2807910150;25199
2807910151;29384
2807910152;38581
2807910153;36028
2807910154;28687
2807910156;46205
2807910157;45451
2807910158;47029
2807910159;46838
2807910161;27370
2807910162;23246
2807910163;27291
2807910164;22386
2807910165;34851
2807910167;37683
2807910168;25501
2807910169;24646
2807910170;31325
2807910171;29557
2807910172;30329
2807910173;33399
2807910174;30803
2807910175;30605
2807910176;30252
2807910178;31472
2807910179;24223
2807910180;29966
2807910181;25702
2807910182;22591
2807910183;28770
2807910184;29838
2807910185;29079
2807910187;27642
2807910188;27877
2807910189;28036
2807910190;26633
2807910191;28170
2807910192;33566
2807910193;26122
2807910194;32361
2807910196;31356
2807910197;34798
2807910198;31900
2807910199;30269
2807910201;33199
2807910202;33401
2807910203;30308
2807910204;26951
2807910205;47945
2807910206;43827
2807910207;42683
2807910209;33586
2807910210;29521
2807910211;34555
2807910212;47265
2807910213;44447
2807910214;37001
2807910215;43673
2807910216;40717
2807910217;32727
2807910218;47516
2807910219;37953
2807910220;30498
2807911001;28302
2807911002;31194
2807911003;34223
2807911004;33897
2807911005;30507
2807911006;29583
2807911007;23904
2807911010;32659
2807911011;28655
2807911012;25091
2807911013;25966
2807911015;25083
2807911016;23697
2807911017;21217
2807911018;25813
2807911019;29742
2807911021;25453
2807911022;31838
2807911023;23753
2807911024;24438
2807911025;29782
2807911026;28289
2807911028;37133
2807911029;25405
2807911030;26539
2807911031;33203
2807911032;25273
2807911033;25107
2807911034;24415
2807911035;26543
2807911036;25734
2807911037;25067
2807911038;24805
2807911039;28820
2807911040;20209
2807911041;22600
2807911042;24566
2807911043;28684
2807911044;40564
2807911045;34617
2807911046;27463
2807911047;25004
2807911048;24079
2807911049;33036
2807911050;31727
2807911051;32630
2807911054;22635
2807911055;22634
2807911056;22436
2807911057;24218
2807911058;26258
2807911059;24220
2807911060;28510
2807911061;23915
2807911062;21901
2807911063;26117
2807911065;34194
2807911066;21712
2807911067;32553
2807911068;26110
2807911069;25896
2807911070;25098
2807911071;22555
2807911072;22559
2807911073;23581
2807911074;23142
2807911075;30308
2807911078;25762
2807911079;25128
2807911080;22928
2807911081;24067
2807911082;25241
2807911083;22364
2807911084;25473
2807911085;25376
2807911086;24870
2807911087;24109
2807911088;24025
2807911089;24276
2807911091;23489
2807911092;26683
2807911093;35973
2807911094;50223
2807911095;43159
2807911096;37270
2807911097;34250
2807911098;32753
2807911099;33579
2807911100;28721
2807911101;29199
2807911102;25624
2807911103;26007
2807911104;27898
2807911105;24884
2807911106;28649
2807911107;30251
2807911108;25522
2807911109;24089
2807911110;25016
2807911111;24968
2807911112;28238
2807911113;26930
2807911114;28043
2807911115;26216
2807911116;23088
2807911117;21581
2807911118;23905
2807911119;22208
2807911120;24074
2807911121;21385
2807911122;22194
2807911123;30090
2807911124;28823
2807911125;30586
2807911126;29422
2807911128;20067
2807911129;18418
2807911130;20923
2807911131;18955
2807911132;19639
2807911133;28381
2807911134;23883
2807911135;28132
2807911136;26289
2807911137;34687
2807911138;26072
2807911139;25198
2807911140;22461
2807911141;29017
2807911142;27552
2807911143;22099
2807911145;24743
2807911146;25464
2807911147;31879
2807911148;28529
2807911149;25515
2807911150;29253
2807911151;24409
2807911152;28646
2807911153;24759
2807911154;23849
2807911155;33110
2807911156;39716
2807911157;22690
2807911158;19514
2807911159;21608
2807911160;21584
2807911161;21153
2807911162;22821
2807911163;32278
2807911165;27610
2807911167;28714
2807911168;27035
2807911169;24511
2807911170;24181
2807911171;23602
2807911173;23200
2807911174;26883
2807911175;25092
2807911176;25821
2807911177;25445
2807911178;23365
2807911179;30318
2807911180;19928
2807911181;29504
2807911182;42061
2807911183;42380
2807911184;38025
2807911185;36222
2807911186;29854
2807911187;39622
2807911188;45215
2807911189;33280
2807911190;39603
2807911191;39721
2807911192;37975
2807911193;25438
2807911194;42883
2807912001;26726
2807912002;26916
2807912003;25840
2807912005;25719
2807912006;26281
2807912007;26371
2807912008;23719
2807912009;22960
2807912010;22545
2807912011;24539
2807912012;23807
2807912013;25698
2807912014;26938
2807912015;23156
2807912016;29260
2807912018;22205
2807912019;20271
2807912020;21530
2807912021;25047
2807912022;18958
2807912023;22337
2807912024;28770
2807912027;27826
2807912028;20803
2807912029;20733
2807912030;24223
2807912031;23647
2807912032;28159
2807912033;23910
2807912034;24604
2807912036;21194
2807912037;21141
2807912039;23532
2807912041;22019
2807912042;19634
2807912043;23405
2807912044;24068
2807912045;21256
2807912046;24442
2807912047;23199
2807912048;23444
2807912049;23506
2807912050;23440
2807912051;26398
2807912052;31841
2807912053;39058
2807912054;31959
2807912055;25986
2807912056;23295
2807912057;23576
2807912059;31743
2807912061;26904
2807912062;25359
2807912064;22049
2807912065;23967
2807912066;20408
2807912067;23145
2807912069;24027
2807912070;32809
2807912071;24596
2807912073;19024
2807912074;23808
2807912075;21893
2807912077;25621
2807912078;23383
2807912079;24210
2807912080;22835
2807912081;22556
2807912082;25640
2807912083;23837
2807912084;23144
2807912086;24843
2807912087;21916
2807912088;23376
2807912089;23955
2807912090;23629
2807912091;23001
2807912092;25199
2807912093;24530
2807912094;22211
2807912096;22245
2807912097;24685
2807912098;39578
2807912099;23726
2807912100;22262
2807912101;34914
2807912102;30089
2807912103;22122
2807912104;35216
2807912105;35479
2807912106;35078
2807912107;40460
2807912108;30566
2807912109;29179
2807913002;20376
2807913003;19657
2807913004;21513
2807913005;23545
2807913006;21373
2807913007;21746
2807913008;22535
2807913010;23175
2807913011;21658
2807913012;21495
2807913013;21339
2807913014;20960
2807913016;22093
2807913017;22222
2807913018;21297
2807913019;21861
2807913021;23193
2807913022;24205
2807913023;24007
2807913024;25465
2807913026;21871
2807913027;19211
2807913028;19411
2807913029;21700
2807913030;22813
2807913031;23129
2807913032;23547
2807913033;24048
2807913034;23197
2807913035;25256
2807913036;19344
2807913037;21873
2807913038;20442
2807913039;21004
2807913040;19891
2807913041;23020
2807913042;19284
2807913043;21110
2807913044;21703
2807913045;21090
2807913046;19661
2807913047;22033
2807913048;20418
2807913049;26703
2807913050;21342
2807913052;22437
2807913053;25384
2807913054;22518
2807913055;20705
2807913056;20924
2807913057;22271
2807913058;19776
2807913059;19916
2807913060;22117
2807913061;18662
2807913062;19908
2807913063;23002
2807913064;18321
2807913065;19155
2807913066;21141
2807913069;20017
2807913074;34599
2807913077;37298
2807913078;37672
2807913079;20396
2807913080;21399
2807913083;26473
2807913084;25095
2807913086;22040
2807913087;35176
2807913088;28562
2807913089;20274
2807913090;18576
2807913091;22093
2807913092;26264
2807913094;24723
2807913103;24496
2807913104;25180
2807913108;28712
2807913109;29632
2807913110;21728
2807913111;25724
2807913112;22765
2807913114;19082
2807913115;24365
2807913116;23797
2807913117;24106
2807913118;23040
2807913119;23965
2807913120;24195
2807913121;23718
2807913122;21251
2807913123;29637
2807913124;23609
2807913125;20574
2807913126;21036
2807913127;42036
2807913128;30314
2807913129;25164
2807913131;26297
2807913132;24054
2807913133;24410
2807913134;25770
2807913135;24769
2807913136;25465
2807913137;34161
2807913138;23000
2807913139;21585
2807913140;27590
2807913142;22788
2807913143;27391
2807913144;21853
2807913145;18898
2807913146;25175
2807913147;25024
2807913148;20620
2807913150;21456
2807913153;21594
2807913154;24665
2807913155;24205
2807913156;23419
2807913157;24940
2807913158;25278
2807913160;26193
2807913161;30198
2807913162;24311
2807913163;24515
2807913164;28045
2807913166;27703
2807913168;24052
2807913169;23234
2807913170;24149
2807913171;26655
2807913172;21309
2807913173;19694
2807913174;23819
2807913175;23419
2807913176;21680
2807913177;20883
2807913178;24118
2807913179;24169
2807913180;23966
2807913181;22985
2807913182;35287
2807913183;37485
2807913184;30340
2807913185;22615
2807913186;23804
2807913187;22842
2807913189;23184
2807913190;22238
2807913191;30050
2807913192;22501
2807913193;22888
2807913194;21111
2807913195;25570
2807913196;25592
2807913197;24652
2807913198;26608
2807913199;37065
2807913200;24677
2807913201;23572
2807913202;31418
2807913203;42407
2807913204;33499
2807913205;36126
2807913206;23104
2807913207;39499
2807913208;37236
2807913209;34489
2807913210;24758
2807913211;35174
2807913212;33219
2807913213;29882
2807913214;20839
2807913215;21263
2807913216;33010
2807914001;29599
2807914002;24386
2807914003;26810
2807914004;34054
2807914005;32073
2807914006;29973
2807914010;53913
2807914012;29686
2807914013;39817
2807914014;39968
2807914015;40456
2807914016;38899
2807914017;40114
2807914018;37182
2807914019;37296
2807914020;39363
2807914021;36694
2807914022;40864
2807914023;38447
2807914024;39330
2807914025;28932
2807914026;25665
2807914027;27715
2807914028;23736
2807914029;28351
2807914030;45825
2807914031;36908
2807914032;36876
2807914033;30085
2807914034;37206
2807914035;25757
2807914036;28050
2807914037;26237
2807914038;23193
2807914039;28971
2807914040;42378
2807914041;54595
2807914042;54005
2807914043;39812
2807914044;35640
2807914045;30566
2807914046;27908
2807914047;23847
2807914048;29083
2807914049;27874
2807914050;25624
2807914051;24857
2807914052;27246
2807914053;26748
2807914054;26070
2807914055;29164
2807914056;28910
2807914057;26677
2807914058;29992
2807914059;26955
2807914060;33195
2807914061;38569
2807914062;30046
2807914063;33105
2807914064;28042
2807914065;32338
2807914066;23048
2807914067;21863
2807914068;23968
2807914069;30446
2807914070;23699
2807914071;25699
2807914072;31922
2807914073;31089
2807914074;32133
2807914075;27689
2807914076;33151
2807914077;30673
2807914078;28393
2807914079;44622
2807914080;59549
2807914081;51836
2807914082;22496
2807914083;27950
2807914084;43538
2807914085;60689
2807914086;33204
2807914087;57754
2807914088;47412
2807914089;41812
2807914090;38509
2807914091;52181
2807914092;36885
2807914093;46607
2807915001;37559
2807915002;29800
2807915003;28750
2807915005;31963
2807915006;28800
2807915008;27815
2807915009;23716
2807915010;22984
2807915011;23484
2807915012;28880
2807915013;26415
2807915014;26245
2807915015;24531
2807915016;22758
2807915017;26649
2807915018;28577
2807915019;24606
2807915020;24540
2807915021;23149
2807915022;24226
2807915023;27887
2807915024;29123
2807915025;33253
2807915026;26204
2807915027;32063
2807915028;32720
2807915029;28073
2807915030;38432
2807915031;33821
2807915032;35112
2807915033;30606
2807915034;30139
2807915035;32554
2807915036;30344
2807915037;27653
2807915038;28293
2807915039;27361
2807915040;26401
2807915041;31003
2807915042;32691
2807915043;29435
2807915044;31731
2807915045;31139
2807915046;32301
2807915047;28861
2807915048;30778
2807915049;25400
2807915050;28159
2807915051;29168
2807915052;26787
2807915053;25537
2807915054;25046
2807915056;27175
2807915057;27625
2807915058;24751
2807915059;24794
2807915060;24581
2807915061;28799
2807915062;32795
2807915065;39923
2807915066;32901
2807915067;34363
2807915068;38171
2807915069;46546
2807915070;41622
2807915071;21693
2807915073;24572
2807915074;26788
2807915075;28195
2807915076;25793
2807915077;30597
2807915078;22640
2807915079;25325
2807915080;21143
2807915081;23612
2807915082;34882
2807915083;27432
2807915084;28453
2807915085;30160
2807915086;33708
2807915087;22366
2807915088;23285
2807915089;28216
2807915090;37317
2807915092;44697
2807915093;32446
2807915094;32453
2807915095;25127
2807915096;30208
2807915097;29441
2807915098;26723
2807915099;29511
2807915100;27533
2807915101;28742
2807915102;28362
2807915103;28512
2807915104;25892
2807915105;27510
2807915106;30160
2807915108;31106
2807915109;33718
2807915110;26650
2807915111;32888
2807915112;32291
2807915113;30474
2807915114;30542
2807915115;34147
2807915116;31516
2807915117;26706
2807915118;27252
2807915119;26215
2807915120;26124
2807915121;27338
2807915122;33576
2807915123;38823
2807915124;31766
2807915125;54662
2807915126;29849
2807915127;42221
2807915128;51919
2807915129;36688
2807915130;31154
2807915131;30884
2807915132;36644
2807915133;31852
2807915134;36049
2807915135;31476
2807915136;31221
2807915138;25286
2807915139;24975
2807915140;24305
2807915141;35608
2807915142;56257
2807915143;67157
2807915144;66434
2807915145;53290
2807915146;55477
2807915147;77415
2807915148;37717
2807915149;48660
2807915150;77122
2807915151;59914
2807915153;57498
2807915154;43910
2807915155;62967
2807915156;41488
2807915157;51151
2807915158;69642
2807915159;71758
2807915160;69237
2807915161;80004
2807915162;75345
2807915163;62989
2807915164;62533
2807915165;73904
2807915166;61939
2807915167;78676
2807915168;69693
2807915170;77709
2807915171;34307
2807915172;67473
2807915173;66599
2807915174;70196
2807915175;44389
2807915176;51689
2807915177;37030
2807915178;56620
2807915179;40465
2807915180;57347
2807915181;47251
2807915182;58041
2807916001;89015
2807916002;89015
2807916003;89015
2807916004;89015
2807916005;79301
2807916006;61987
2807916007;63531
2807916008;26584
2807916009;23801
2807916011;27968
2807916012;28147
2807916013;39833
2807916014;33398
2807916015;36715
2807916016;36188
2807916017;35550
2807916018;36850
2807916019;36423
2807916020;39617
2807916021;45191
2807916022;38047
2807916024;38573
2807916025;40364
2807916026;28545
2807916027;31918
2807916028;37198
2807916029;30670
2807916030;37434
2807916031;44705
2807916032;47579
2807916033;36496
2807916034;38024
2807916035;46716
2807916036;81210
2807916037;26456
2807916038;33932
2807916039;23538
2807916040;23892
2807916041;24291
2807916042;28662
2807916043;27361
2807916044;38239
2807916045;53702
2807916046;41074
2807916047;29721
2807916048;40295
2807916049;45427
2807916050;35706
2807916051;31470
2807916052;28148
2807916053;27459
2807916054;24955
2807916055;23048
2807916056;24210
2807916057;29062
2807916058;30372
2807916059;34141
2807916060;37587
2807916061;41430
2807916062;35122
2807916063;43555
2807916064;40615
2807916065;25525
2807916066;26865
2807916067;24372
2807916069;31199
2807916070;39513
2807916071;24234
2807916072;22398
2807916073;25229
2807916074;23813
2807916075;27340
2807916076;23004
2807916077;25264
2807916078;25670
2807916079;41341
2807916080;83624
2807916081;51995
2807916082;25261
2807916083;31000
2807916085;33153
2807916086;33698
2807916087;31519
2807916088;34802
2807916089;32391
2807916090;31595
2807916091;89015
2807916092;44212
2807916093;46207
2807916096;49934
2807916097;33281
2807916098;61501
2807916099;48011
2807916100;47198
2807916101;47227
2807916102;89015
2807916103;89015
2807916104;47068
2807916105;79981
2807916106;51736
2807916107;54482
2807916108;58975
2807916109;30758
2807916110;41693
2807916111;56341
2807916112;47329
2807916113;89015
2807916114;60521
2807916115;64885
2807916116;39365
2807916117;47470
2807916118;51394
2807916119;47805
2807916120;41799
2807916121;68901
2807916122;62391
2807916123;89015
2807916124;56132
2807916125;64096
2807917002;24786
2807917003;23816
2807917004;18755
2807917006;23481
2807917007;21877
2807917008;22617
2807917009;24103
2807917010;23528
2807917011;25014
2807917012;24041
2807917013;23130
2807917014;22292
2807917015;22750
2807917016;21915
2807917017;28116
2807917018;20404
2807917019;21397
2807917020;27938
2807917021;21737
2807917022;18821
2807917023;28988
2807917024;22735
2807917025;24651
2807917026;23367
2807917027;29897
2807917028;26144
2807917029;29028
2807917031;20436
2807917032;19272
2807917033;18553
2807917035;18923
2807917036;19899
2807917037;17956
2807917038;21908
2807917039;20377
2807917041;20209
2807917042;19805
2807917043;20714
2807917045;35186
2807917046;23322
2807917047;21237
2807917048;29660
2807917049;21533
2807917050;22655
2807917051;21618
2807917052;26043
2807917053;25099
2807917054;22928
2807917055;29214
2807917057;22342
2807917058;24896
2807917059;27119
2807917060;25074
2807917061;19950
2807917062;21907
2807917063;23545
2807917064;23100
2807917065;22712
2807917066;22451
2807917068;20300
2807917069;24174
2807917070;35829
2807917071;32510
2807917072;20161
2807917073;22435
2807917074;27266
2807917075;30627
2807917076;31073
2807917078;30613
2807917079;21406
2807917080;40357
2807917082;25029
2807917083;23439
2807917084;21988
2807917085;32141
2807917086;30582
2807917087;27173
2807917089;24404
2807917090;27487
2807917091;27299
2807917092;36343
2807917093;31916
2807917094;27281
2807917095;26088
2807917096;36381
2807917097;37779
2807917098;19607
2807917099;39593
2807917100;21633
2807917101;25334
2807917102;40855
2807917103;34148
2807917104;31996
2807917105;33952
2807917106;26007
2807917107;33210
2807917108;38444
2807917109;28413
2807917110;37723
2807917111;27707
2807917112;43286
2807917113;39749
2807917114;34553
2807918002;26712
2807918003;24221
2807918004;25969
2807918005;22260
2807918006;25769
2807918007;25436
2807918008;27535
2807918009;25165
2807918010;21520
2807918011;26686
2807918012;23791
2807918013;24748
2807918014;25622
2807918015;22268
2807918016;22174
2807918017;22741
2807918018;26388
2807918019;25392
2807918020;31732
2807918021;30477
2807918022;20313
2807918023;19536
2807918024;28413
2807918025;35861
2807918026;22970
2807918027;30292
2807918028;40637
2807918029;40968
2807918030;34625
2807918031;36277
2807918032;35183
2807918033;35326
2807918034;35047
2807918035;38057
2807918036;37422
2807918037;25961
2807918038;22695
2807918039;44136
2807918040;47900
2807918041;38430
2807918042;25278
2807918043;27441
2807918044;43032
2807918045;10027
2807918046;23731
2807918047;27488
2807918048;46467
2807918049;41090
2807918050;31858
2807918051;35355
2807918052;30051
2807918053;33212
2807918054;36036
2807918055;34047
2807918056;29192
2807918057;32901
2807918058;34815
2807918059;29950
2807918060;34358
2807918061;39224
2807918062;32767
2807918063;31988
2807918064;31078
2807918065;25343
2807919001;19674
2807919002;30907
2807919003;25898
2807919004;24534
2807919005;25802
2807919006;27042
2807919007;25842
2807919008;24268
2807919009;25938
2807919011;23844
2807919012;26653
2807919014;22744
2807919015;22917
2807919016;22478
2807919018;23801
2807919019;24494
2807919020;25458
2807919021;25789
2807919022;22030
2807919023;23078
2807919024;20962
2807919025;23419
2807919026;23437
2807919027;21659
2807919028;21102
2807919029;22212
2807919032;31021
2807919033;44536
2807919034;40609
2807919035;41302
2807919036;39974
2807919037;44206
2807919038;29559
2807919039;31760
2807919040;44199
2807919041;36649
2807919042;39061
2807919043;43185
2807919044;31759
2807919045;42889
2807919046;40627
2807919047;38612
2807919048;39286
2807919049;37936
2807919050;47032
2807919051;41677
2807920001;29135
2807920002;55025
2807920003;26530
2807920006;25516
2807920007;24056
2807920008;23688
2807920009;29562
2807920010;25907
2807920011;27055
2807920012;20965
2807920013;20993
2807920014;18641
2807920015;19915
2807920016;19828
2807920017;22883
2807920018;19148
2807920019;20901
2807920020;18561
2807920021;20436
2807920022;22230
2807920023;21657
2807920024;20343
2807920025;22329
2807920026;27591
2807920027;28055
2807920028;28026
2807920029;23991
2807920031;21545
2807920032;19600
2807920033;19381
2807920034;19889
2807920035;18952
2807920036;19346
2807920037;27349
2807920038;28584
2807920039;28121
2807920040;29333
2807920041;28691
2807920042;25497
2807920043;26928
2807920044;23949
2807920046;19482
2807920047;21246
2807920048;19005
2807920049;23358
2807920050;21407
2807920051;22183
2807920053;21266
2807920055;46466
2807920056;27123
2807920058;26451
2807920059;25594
2807920062;37588
2807920063;39112
2807920064;36358
2807920065;34517
2807920066;39403
2807920067;49343
2807920068;42440
2807920069;28028
2807920070;27653
2807920071;39004
2807920072;39650
2807920073;23074
2807920074;26385
2807920075;26741
2807920076;27785
2807920077;39723
2807920078;30272
2807920079;23992
2807920080;25489
2807920082;29926
2807920083;29311
2807920084;47594
2807920085;24403
2807920086;30802
2807920087;27113
2807920088;29469
2807920090;42320
2807920091;23387
2807920092;30520
2807920093;44333
2807920095;43426
2807920096;59022
2807920097;47074
2807920098;38666
2807920099;76125
2807920100;31548
2807920101;45982
2807920102;37977
2807920103;43045
2807920104;51811
2807920105;52856
2807920106;41157
2807920107;45634
2807920108;57255
2807920109;32343
2807920110;49355
2807920111;38641
2807920112;42695
2807920113;52459
2807920114;48376
2807920115;41023
2807920116;41360
2807920117;52290
2807920118;56928
2807920119;40797
2807920120;44730
2807920121;35985
2807920122;65377
2807921001;73270
2807921002;60252
2807921003;48440
2807921004;53197
2807921005;73023
2807921006;58857
2807921007;48670
2807921008;40417
2807921009;39192
2807921010;46819
2807921011;48843
2807921012;49552
2807921013;47214
2807921014;48819
2807921015;25366
2807921017;27692
2807921018;27863
2807921019;27432
2807921020;31230
2807921021;31728
2807921022;33960
2807921023;28607
2807921025;56702
2807921026;39613
2807921027;69463
2807921028;56282
2807921029;87587
2807921030;43935
2807921031;44593
2807921032;55101
